item_id,query,plan,human_acceptable,human_error_type
toolhop_000,How many syllables are there in the last name of the paternal grandfather of Ollom Fotla?,"Step 0: {{0}} = genealogy_lookup(figure_name='Ollom Fotla', relationship_type='father', name_variants=['Ollamh Fodhla', 'Ollam Fotla'], data_source='standard genealogical tradition', time_period='legendary/early Irish kings', location='Ireland', include_extended_family=False)
Step 1: {{1}} = historical_relationship_finder(figure_name='{{0}}', relationship_type='father', contextual_information=True, spelling_variations=True, time_period='legendary/early Irish kings', include_scholarly_interpretations=False)
Step 2: {{2}} = genealogy_lookup(figure_name='Ollom Fotla', relationship_type='father', name_variants=['Ollamh Fodhla', 'Ollam Fotla'], data_source='standard genealogical tradition', time_period='legendary/early Irish kings', location='Ireland', include_extended_family=False)
Step 3: {{2}} = extract_last_name(full_name='{{1}}', delimiter=' ', ignore_special_characters=False, output_format='string', include_middle_names=True, handle_suffixes=True, cultural_naming_convention='Gaelic patronymic (byname as last element)')
Step 4: {{3}} = syllable_counter(word='{{3}}', language='Irish', dialect='Old Irish', output_format='number', handle_compounds=False)",no,circular_dependency
toolhop_001,What is the first letter of the last name of the paternal grandfather of Baha Al-Dawla in lowercase?,"Step 0: {{0}} = genealogy_query(figure_name='Baha Al-Dawla', relationship_type='father', data_source={'source_name': 'general_biographical_reference', 'priority': ['encyclopedia', 'historical_database'], 'citation_required': False}, handle_discrepancies={'strategy': 'prefer_most_cited', 'return_all_candidates': False})
Step 1: {{1}} = genealogy_lookup(individual_name='{{0}}', relationship_type='father', name_variations=True, data_source='general_biographical_reference', time_period='10th century', location='Buyid dynasty domains', output_format='name_only')
Step 2: {{2}} = first_letter_extractor_v2(full_name='{{1}}', delimiter=' ', ignore_case=True, trim_spaces=True, include_middle_names=True, cultural_format='arabic_persian_regnal_epithet', suffix_handling=True, standardize_format=True, last_name_position=2)
Step 3: {{3}} = first_letter_extractor_v2(input=['{{2}}'], ignore_leading_spaces=True, output_format='string', case_sensitive=False, handle_special_characters=True)",no,wrong_tool
toolhop_002,What is the cube of the sum of the digits of the year Christopher Nolan's magic-themed drama came out?,"Step 0: {{0}} = film_identifier(director='Christopher Nolan', theme='magic-themed drama', output_format='title_only')
Step 1: {{1}} = film_release_year_finder(film_title='{{0}}', exact_match=True, director='Christopher Nolan')
Step 2: {{2}} = film_identifier(director='Christopher Nolan', theme='magic-themed drama', output_format='title_only')
Step 3: {{2}} = digit_sum_calculator(input_number='{{1}}', output_format='number', base=10)
Step 4: {{3}} = enhanced_math_operations(operation='power', base='{{3}}', exponent=3, output_format='number', precision=1, error_handling='strict')",no,circular_dependency
toolhop_003,"How many additional letters does the first name of Mary Tudor, Queen Of France's maternal grandmother have compared to the first name of Melinda Lim?","Step 0: {{0}} = historical_relationship_finder(person_name='Mary Tudor, Queen Of France', relationship_type='mother', historical_context='Tudor England', name_variations=True, relationship_depth=1)
Step 1: {{1}} = genealogy_query(person_name='{{0}}', relationship_type='mother', data_source='general_historical_reference', output_format='name_only', time_period='15th century', contextual_notes=False)
Step 2: {{2}} = extract_first_name(full_name='{{1}}', ignore_titles=True, ignore_suffixes=True, case_sensitive=False, handle_special_characters=True, cultural_convention='Western')
Step 3: {{3}} = advanced_arithmetic_calculator(input='{{2}}', ignore_characters=[' ', '-', '.', ','], case_sensitive=False, character_type='letters', output_format='integer')
Step 4: {{4}} = extract_first_name(full_name='Melinda Lim', delimiter=' ', case_sensitive=False, include_middle_name=False, ignore_prefixes=True, ignore_suffixes=True)
Step 5: {{5}} = name_length_counter(name='{{4}}', ignore_characters=[' ', '-', '.', ','], case_sensitive=False, output_format='integer')
Step 6: {{6}} = advanced_arithmetic_calculator(operation='difference', operands=['{{3}}', '{{5}}'], output_format='integer', error_handling='strict')",no,wrong_tool
toolhop_004,"How many additional letters does the first name of Mary Tudor, Queen Of France's maternal grandmother have compared to the first name of Melinda Lim?","Step 0: {{0}} = historical_relationship_finder(person_name='Mary Tudor, Queen Of France', relationship_type='mother', historical_context='Tudor England', name_variations=True, relationship_depth=1)
Step 1: {{1}} = genealogy_query(person_name='{{2}}', relationship_type='mother', data_source='general_historical_reference', output_format='name_only', time_period='15th century', contextual_notes=False)
Step 2: {{2}} = extract_first_name(full_name='{{1}}', ignore_titles=True, ignore_suffixes=True, case_sensitive=False, handle_special_characters=True, cultural_convention='Western')
Step 3: {{3}} = string_length_counter(input='{{2}}', ignore_characters=[' ', '-', '.', ','], case_sensitive=False, character_type='letters', output_format='integer')
Step 4: {{4}} = extract_first_name(full_name='Melinda Lim', delimiter=' ', case_sensitive=False, include_middle_name=False, ignore_prefixes=True, ignore_suffixes=True)
Step 5: {{5}} = name_length_counter(name='{{4}}', ignore_characters=[' ', '-', '.', ','], case_sensitive=False, output_format='integer')
Step 6: {{6}} = advanced_arithmetic_calculator(operation='difference', operands=['{{3}}', '{{5}}'], output_format='integer', error_handling='strict')",no,circular_dependency
toolhop_005,What is the closest palindrome number to the year of the date of birth of the English inventor that developed the Richard Hornsby & Sons oil engine?,"Step 0: {{0}} = inventor_lookup(invention_name='Richard Hornsby & Sons oil engine', output_format='name_only')
Step 1: {{1}} = biographical_data_retriever(name='{{2}}', data_type='date_of_birth', output_format='full_date')
Step 2: {{2}} = closest_palindrome_finder(year=1864, include_current=True, multiple_closest=False, return_distance=False)",no,forward_reference
toolhop_006,What is the closest palindrome number to the year of the date of birth of the English inventor that developed the Richard Hornsby & Sons oil engine?,"Step 0: {{0}} = inventor_lookup(invention_name='Richard Hornsby & Sons oil engine', output_format='name_only')
Step 1: {{2}} = closest_palindrome_finder(year=1864, include_current=True, multiple_closest=False, return_distance=False)
Step 2: {{1}} = biographical_data_retriever(name='{{0}}', data_type='date_of_birth', output_format='full_date')",yes,inefficient_order
toolhop_007,What is the closest palindrome number to the year of the date of birth of the English inventor that developed the Richard Hornsby & Sons oil engine?,"Step 0: {{0}} = inventor_lookup(invention_name='{{1}}', output_format='name_only')
Step 1: {{1}} = biographical_data_retriever(name='{{0}}', data_type='date_of_birth', output_format='full_date')
Step 2: {{2}} = closest_palindrome_finder(year=1864, include_current=True, multiple_closest=False, return_distance=False)",no,circular_dependency
toolhop_008,What is the first letter of the last name of the paternal grandfather of Baha Al-Dawla in lowercase?,"Step 0: {{0}} = genealogy_query(figure_name='Baha Al-Dawla', relationship_type='father', data_source={'source_name': 'general_biographical_reference', 'priority': ['encyclopedia', 'historical_database'], 'citation_required': False}, handle_discrepancies={'strategy': 'prefer_most_cited', 'return_all_candidates': False})
Step 1: {{1}} = genealogy_lookup(individual_name='{{0}}', relationship_type='father', name_variations=True, data_source='general_biographical_reference', time_period='10th century', location='Buyid dynasty domains', output_format='name_only')
Step 2: {{2}} = genealogy_query(figure_name='Baha Al-Dawla', relationship_type='father', data_source={'source_name': 'general_biographical_reference', 'priority': ['encyclopedia', 'historical_database'], 'citation_required': False}, handle_discrepancies={'strategy': 'prefer_most_cited', 'return_all_candidates': False})
Step 3: {{2}} = extract_last_name(full_name='{{1}}', delimiter=' ', ignore_case=True, trim_spaces=True, include_middle_names=True, cultural_format='arabic_persian_regnal_epithet', suffix_handling=True, standardize_format=True, last_name_position=2)
Step 4: {{3}} = first_letter_extractor_v2(input=['{{2}}'], ignore_leading_spaces=True, output_format='string', case_sensitive=False, handle_special_characters=True)",no,other
toolhop_009,How many syllables are there in the last name of the paternal grandfather of Ollom Fotla?,"Step 0: {{0}} = genealogy_lookup(figure_name='{{1}}', relationship_type='father', name_variants=['Ollamh Fodhla', 'Ollam Fotla'], data_source='standard genealogical tradition', time_period='legendary/early Irish kings', location='Ireland', include_extended_family=False)
Step 1: {{1}} = historical_relationship_finder(figure_name='{{0}}', relationship_type='father', contextual_information=True, spelling_variations=True, time_period='legendary/early Irish kings', include_scholarly_interpretations=False)
Step 2: {{2}} = extract_last_name(full_name='{{1}}', delimiter=' ', ignore_special_characters=False, output_format='string', include_middle_names=True, handle_suffixes=True, cultural_naming_convention='Gaelic patronymic (byname as last element)')
Step 3: {{3}} = syllable_counter(word='{{2}}', language='Irish', dialect='Old Irish', output_format='number', handle_compounds=False)",no,circular_dependency
toolhop_010,What is the closest palindrome number to the year of the date of birth of the English inventor that developed the Richard Hornsby & Sons oil engine?,"Step 0: {{0}} = inventor_lookup(invention_name='Richard Hornsby & Sons oil engine', output_format='name_only')
Step 1: {{1}} = biographical_data_retriever(name='hardcoded_value', data_type='date_of_birth', output_format='full_date')
Step 2: {{2}} = closest_palindrome_finder(year=1864, include_current=True, multiple_closest=False, return_distance=False)",no,missing_dependency
toolhop_011,What is the closest palindrome number to the year of the date of birth of the English inventor that developed the Richard Hornsby & Sons oil engine?,"Step 0: {{0}} = inventor_lookup(invention_name='Richard Hornsby & Sons oil engine', output_format='name_only')
Step 1: {{1}} = closest_palindrome_finder(name='{{0}}', data_type='date_of_birth', output_format='full_date')
Step 2: {{2}} = closest_palindrome_finder(year=1864, include_current=True, multiple_closest=False, return_distance=False)",no,wrong_tool
toolhop_012,What is the cube of the sum of the digits of the year Christopher Nolan's magic-themed drama came out?,"Step 0: {{0}} = film_identifier(director='Christopher Nolanx', theme='magic-themed drama', output_format='title_only')
Step 1: {{1}} = film_release_year_finder(film_title='{{0}}', exact_match=True, director='Christopher Nolan')
Step 2: {{2}} = digit_sum_calculator(input_number='{{1}}', output_format='number', base=10)
Step 3: {{3}} = enhanced_math_operations(operation='power', base='{{2}}', exponent=3, output_format='number', precision=1, error_handling='strict')",yes,none
toolhop_013,How many syllables are there in the last name of the paternal grandfather of Ollom Fotla?,"Step 0: {{0}} = genealogy_lookup(figure_name='Ollom xFotla', relationship_type='father', name_variants=['Ollamh Fodhla', 'Ollam Fotla'], data_source='standard genealogical tradition', time_period='legendary/early Irish kings', location='Ireland', include_extended_family=False)
Step 1: {{1}} = historical_relationship_finder(figure_name='{{0}}', relationship_type='father', contextual_information=True, spelling_variations=True, time_period='legendary/early Irish kings', include_scholarly_interpretations=False)
Step 2: {{2}} = extract_last_name(full_name='{{1}}', delimiter=' ', ignore_special_characters=False, output_format='string', include_middle_names=True, handle_suffixes=True, cultural_naming_convention='Gaelic patronymic (byname as last element)')
Step 3: {{3}} = syllable_counter(word='{{2}}', language='Irish', dialect='Old Irish', output_format='number', handle_compounds=False)",yes,none
toolhop_014,What is the cube of the sum of the digits of the year Christopher Nolan's magic-themed drama came out?,"Step 0: {{0}} = film_identifier(director='{{1}}', theme='magic-themed drama', output_format='title_only')
Step 1: {{1}} = film_release_year_finder(film_title='{{0}}', exact_match=True, director='Christopher Nolan')
Step 2: {{2}} = digit_sum_calculator(input_number='{{1}}', output_format='number', base=10)
Step 3: {{3}} = enhanced_math_operations(operation='power', base='{{2}}', exponent=3, output_format='number', precision=1, error_handling='strict')",no,circular_dependency
toolhop_015,What is the cube of the sum of the digits of the year Christopher Nolan's magic-themed drama came out?,"Step 0: {{0}} = film_identifier(director='Christopher Nolan', theme='magic-themed drama', output_format='title_only')
Step 1: {{1}} = film_release_year_finder(film_title='{{0}}', exact_match=True, director='Christopher Nolan')
Step 2: {{2}} = digit_sum_calculator(input_number='hardcoded_value', output_format='number', base=10)
Step 3: {{3}} = enhanced_math_operations(operation='power', base='{{2}}', exponent=3, output_format='number', precision=1, error_handling='strict')",no,missing_dependency
toolhop_016,What is the cube of the sum of the digits of the year Christopher Nolan's magic-themed drama came out?,"Step 0: {{0}} = film_identifier(director='Christopher Nolan', theme='magic-themed drama', output_format='title_only')
Step 1: {{1}} = film_release_year_finder(film_title='{{2}}', exact_match=True, director='Christopher Nolan')
Step 2: {{2}} = digit_sum_calculator(input_number='{{1}}', output_format='number', base=10)
Step 3: {{3}} = enhanced_math_operations(operation='power', base='{{2}}', exponent=3, output_format='number', precision=1, error_handling='strict')",no,circular_dependency
toolhop_017,How many syllables are there in the last name of the paternal grandfather of Ollom Fotla?,"Step 0: {{0}} = genealogy_lookup(figure_name='Ollom Fotla', relationship_type='father', name_variants=['Ollamh Fodhla', 'Ollam Fotla'], data_source='standard genealogical tradition', time_period='legendary/early Irish kings', location='Ireland', include_extended_family=False)
Step 1: {{1}} = historical_relationship_finder(figure_name='{{0}}', relationship_type='father', contextual_information=True, spelling_variations=True, time_period='legendary/early Irish kings', include_scholarly_interpretations=False)
Step 2: {{2}} = extract_last_name(full_name='{{1}}', delimiter=' ', ignore_special_characters=False, output_format='string', include_middle_names=True, handle_suffixes=True, cultural_naming_convention='Gaelic patronymic (byname as last element)')
Step 3: {{3}} = syllable_counter(word='{{2}}', language='Irish', dialect='Old Irish', output_format='number', handle_compounds=False)",yes,none
toolhop_018,What is the closest palindrome number to the year of the date of birth of the English inventor that developed the Richard Hornsby & Sons oil engine?,"Step 0: {{0}} = inventor_lookup(invention_name='Richard Hornsby & Sons oil engine', output_format='name_only')
Step 1: {{1}} = biographical_data_retriever(name='{{0}}', data_type='date_of_birth', output_format='full_date')",no,incomplete_plan
toolhop_019,How many syllables are there in the last name of the paternal grandfather of Ollom Fotla?,"Step 0: {{0}} = genealogy_lookup(figure_name='Ollom Fotla', relationship_type='father', name_variants=['Ollamh Fodhla', 'Ollam Fotla'], data_source='standard genealogical tradition', time_period='legendary/early Irish kings', location='Ireland', include_extended_family=False)
Step 1: {{1}} = historical_relationship_finder(figure_name='{{0}}', relationship_type='father', contextual_information=True, spelling_variations=True, time_period='legendary/early Irish kings', include_scholarly_interpretations=False)
Step 2: {{2}} = extract_last_name(full_name='{{1}}', delimiter=42, ignore_special_characters=False, output_format='string', include_middle_names=True, handle_suffixes=True, cultural_naming_convention='Gaelic patronymic (byname as last element)')
Step 3: {{3}} = syllable_counter(word='{{2}}', language='Irish', dialect='Old Irish', output_format='number', handle_compounds=False)",no,type_mismatch
toolhop_020,What is the first letter of the last name of the paternal grandfather of Baha Al-Dawla in lowercase?,"Step 0: {{0}} = genealogy_query(figure_name='{{1}}', relationship_type='father', data_source={'source_name': 'general_biographical_reference', 'priority': ['encyclopedia', 'historical_database'], 'citation_required': False}, handle_discrepancies={'strategy': 'prefer_most_cited', 'return_all_candidates': False})
Step 1: {{1}} = genealogy_lookup(individual_name='{{0}}', relationship_type='father', name_variations=True, data_source='general_biographical_reference', time_period='10th century', location='Buyid dynasty domains', output_format='name_only')
Step 2: {{2}} = extract_last_name(full_name='{{1}}', delimiter=' ', ignore_case=True, trim_spaces=True, include_middle_names=True, cultural_format='arabic_persian_regnal_epithet', suffix_handling=True, standardize_format=True, last_name_position=2)
Step 3: {{3}} = first_letter_extractor_v2(input=['{{2}}'], ignore_leading_spaces=True, output_format='string', case_sensitive=False, handle_special_characters=True)",no,circular_dependency
toolhop_021,What is the first letter of the last name of the paternal grandfather of Baha Al-Dawla in lowercase?,"Step 0: {{0}} = genealogy_query(figure_name='Baha Al-Dawla', relationship_type='father', data_source={'source_name': 'general_biographical_reference', 'priority': ['encyclopedia', 'historical_database'], 'citation_required': False}, handle_discrepancies={'strategy': 'prefer_most_cited', 'return_all_candidates': False})
Step 1: {{1}} = genealogy_lookup(individual_name='{{0}}', relationship_type='father', name_variations=True, data_source='general_biographical_reference', time_period='10th century', location='Buyid dynasty domains', output_format='name_only')
Step 2: {{2}} = extract_last_name(full_name='{{1}}', delimiter=42, ignore_case=True, trim_spaces=True, include_middle_names=True, cultural_format='arabic_persian_regnal_epithet', suffix_handling=True, standardize_format=True, last_name_position=2)
Step 3: {{3}} = first_letter_extractor_v2(input=['{{2}}'], ignore_leading_spaces=True, output_format='string', case_sensitive=False, handle_special_characters=True)",no,type_mismatch
toolhop_022,How many syllables are there in the last name of the paternal grandfather of Ollom Fotla?,"Step 0: {{0}} = genealogy_lookup(figure_name='Ollom Fotla', relationship_type='father', name_variants=['Ollamh Fodhla', 'Ollam Fotla'], data_source='standard genealogical tradition', time_period='legendary/early Irish kings', location='Ireland', include_extended_family=False)
Step 1: {{1}} = historical_relationship_finder(figure_name='{{0}}', relationship_type='father', contextual_information=True, spelling_variations=True, time_period='legendary/early Irish kings', include_scholarly_interpretations=False)
Step 2: {{2}} = extract_last_name(full_name='hardcoded_value', delimiter=' ', ignore_special_characters=False, output_format='string', include_middle_names=True, handle_suffixes=True, cultural_naming_convention='Gaelic patronymic (byname as last element)')
Step 3: {{3}} = syllable_counter(word='{{2}}', language='Irish', dialect='Old Irish', output_format='number', handle_compounds=False)",no,missing_dependency
toolhop_023,How many syllables are there in the last name of the paternal grandfather of Ollom Fotla?,"Step 0: {{0}} = genealogy_lookup(figure_name='Ollom Fotla', relationship_type='father', name_variants=['Ollamh Fodhla', 'Ollam Fotla'], data_source='standard genealogical tradition', time_period='legendary/early Irish kings', location='Ireland', include_extended_family=False)
Step 1: {{1}} = historical_relationship_finder(figure_name='{{0}}', relationship_type='father', contextual_information=True, spelling_variations=True, time_period='legendary/early Irish kings', include_scholarly_interpretations=False)
Step 2: {{2}} = extract_last_name(full_name='{{1}}', delimiter=' ', ignore_special_characters=False, output_format='string', include_middle_names=True, handle_suffixes=True, cultural_naming_convention='Gaelic patronymic (byname as last element)')",no,incomplete_plan
toolhop_024,What is the first letter of the last name of the paternal grandfather of Baha Al-Dawla in lowercase?,"Step 0: {{0}} = genealogy_query(figure_name='Baha Al-Dawla', relationship_type='father', data_source={'source_name': 'general_biographical_reference', 'priority': ['encyclopedia', 'historical_database'], 'citation_required': False}, handle_discrepancies={'strategy': 'prefer_most_cited', 'return_all_candidates': False})
Step 1: {{1}} = genealogy_lookup(individual_name='{{0}}', relationship_type='father', name_variations=True, data_source='general_biographical_reference', time_period='10th century', location='Buyid dynasty domains', output_format='name_only')
Step 2: {{2}} = extract_last_name(full_name='{{1}}', delimiter=' ', ignore_case=True, trim_spaces=True, include_middle_names=True, cultural_format='arabic_persian_regnal_epithet', suffix_handling=True, standardize_format=True, last_name_position=2)
Step 3: {{3}} = first_letter_extractor_v2(input=['{{2}}'], ignore_leading_spaces=True, output_format='string', case_sensitive=False, handle_special_characters=True)",yes,none
toolhop_025,What is the closest palindrome number to the year of the date of birth of the English inventor that developed the Richard Hornsby & Sons oil engine?,"Step 0: {{0}} = inventor_lookup(invention_name='Richard Hornsby & Sons oil engine', output_format='name_only')
Step 1: {{1}} = inventor_lookup(invention_name='Richard Hornsby & Sons oil engine', output_format='name_only')
Step 2: {{1}} = biographical_data_retriever(name='{{0}}', data_type='date_of_birth', output_format='full_date')
Step 3: {{2}} = closest_palindrome_finder(year=1864, include_current=True, multiple_closest=False, return_distance=False)",no,other
toolhop_026,What is the closest palindrome number to the year of the date of birth of the English inventor that developed the Richard Hornsby & Sons oil engine?,"Step 0: {{0}} = inventor_lookup(invention_name='Richard Hornsby & Sons oil engine', output_format='name_only')
Step 1: {{1}} = biographical_data_retriever(name='{{0}}', data_type='date_of_birth', output_format='full_date')
Step 2: {{2}} = closest_palindrome_finder(year=1864, include_current=True, multiple_closest=False, return_distance=False)",yes,none
toolhop_027,What is the first letter of the last name of the paternal grandfather of Baha Al-Dawla in lowercase?,"Step 0: {{0}} = genealogy_query(figure_name='Baha Al-Dawla', relationship_type='father', data_source={'source_name': 'general_biographical_reference', 'priority': ['encyclopedia', 'historical_database'], 'citation_required': False}, handle_discrepancies={'strategy': 'prefer_most_cited', 'return_all_candidates': False})
Step 1: {{1}} = genealogy_lookup(individual_name='{{0}}', relationship_type='father', name_variations=True, data_source='general_biographical_reference', time_period='10th century', location='Buyid dynasty domains', output_format='name_only')
Step 2: {{2}} = extract_last_name(full_name='{{1}}', delimiter=' ', ignore_case=True, trim_spaces=True, include_middle_names=True, cultural_format='arabic_persian_regnal_epithet', suffix_handling=True, standardize_format=True, last_name_position=2)",no,incomplete_plan
toolhop_028,"How many additional letters does the first name of Mary Tudor, Queen Of France's maternal grandmother have compared to the first name of Melinda Lim?","Step 0: {{0}} = historical_relationship_finder(person_name='{{1}}', relationship_type='mother', historical_context='Tudor England', name_variations=True, relationship_depth=1)
Step 1: {{1}} = genealogy_query(person_name='{{0}}', relationship_type='mother', data_source='general_historical_reference', output_format='name_only', time_period='15th century', contextual_notes=False)
Step 2: {{2}} = extract_first_name(full_name='{{1}}', ignore_titles=True, ignore_suffixes=True, case_sensitive=False, handle_special_characters=True, cultural_convention='Western')
Step 3: {{3}} = string_length_counter(input='{{2}}', ignore_characters=[' ', '-', '.', ','], case_sensitive=False, character_type='letters', output_format='integer')
Step 4: {{4}} = extract_first_name(full_name='Melinda Lim', delimiter=' ', case_sensitive=False, include_middle_name=False, ignore_prefixes=True, ignore_suffixes=True)
Step 5: {{5}} = name_length_counter(name='{{4}}', ignore_characters=[' ', '-', '.', ','], case_sensitive=False, output_format='integer')
Step 6: {{6}} = advanced_arithmetic_calculator(operation='difference', operands=['{{3}}', '{{5}}'], output_format='integer', error_handling='strict')",no,circular_dependency
toolhop_029,How many syllables are there in the last name of the paternal grandfather of Ollom Fotla?,"Step 0: {{0}} = genealogy_lookup(figure_name='Ollom Fotla', relationship_type='father', name_variants=['Ollamh Fodhla', 'Ollam Fotla'], data_source='standard genealogical tradition', time_period='legendary/early Irish kings', location='Ireland', include_extended_family=False)
Step 1: {{1}} = historical_relationship_finder(figure_name='{{0}}', relationship_type='father', contextual_information=True, spelling_variations=True, time_period='legendary/early Irish kings', include_scholarly_interpretations=False)
Step 2: {{2}} = genealogy_lookup(full_name='{{1}}', delimiter=' ', ignore_special_characters=False, output_format='string', include_middle_names=True, handle_suffixes=True, cultural_naming_convention='Gaelic patronymic (byname as last element)')
Step 3: {{3}} = syllable_counter(word='{{2}}', language='Irish', dialect='Old Irish', output_format='number', handle_compounds=False)",no,wrong_tool
toolhop_030,"How many additional letters does the first name of Mary Tudor, Queen Of France's maternal grandmother have compared to the first name of Melinda Lim?","Step 0: {{0}} = historical_relationship_finder(person_name='Mary Tudor, Queen Of France', relationship_type='mother', historical_context='Tudor England', name_variations=True, relationship_depth=1)
Step 1: {{1}} = genealogy_query(person_name='{{0}}', relationship_type='mother', data_source='general_historical_reference', output_format='name_only', time_period='15th century', contextual_notes=False)
Step 2: {{2}} = extract_first_name(full_name='{{1}}', ignore_titles=True, ignore_suffixes=True, case_sensitive=False, handle_special_characters=True, cultural_convention='Western')
Step 3: {{3}} = string_length_counter(input='hardcoded_value', ignore_characters=[' ', '-', '.', ','], case_sensitive=False, character_type='letters', output_format='integer')
Step 4: {{4}} = extract_first_name(full_name='Melinda Lim', delimiter=' ', case_sensitive=False, include_middle_name=False, ignore_prefixes=True, ignore_suffixes=True)
Step 5: {{5}} = name_length_counter(name='{{4}}', ignore_characters=[' ', '-', '.', ','], case_sensitive=False, output_format='integer')
Step 6: {{6}} = advanced_arithmetic_calculator(operation='difference', operands=['{{3}}', '{{5}}'], output_format='integer', error_handling='strict')",no,missing_dependency
toolhop_031,What is the cube of the sum of the digits of the year Christopher Nolan's magic-themed drama came out?,"Step 0: {{0}} = film_identifier(director='Christopher Nolan', theme='magic-themed drama', output_format='title_only')
Step 1: {{1}} = film_release_year_finder(film_title='{{0}}', exact_match=True, director='Christopher Nolan')
Step 2: {{3}} = enhanced_math_operations(operation='power', base='{{2}}', exponent=3, output_format='number', precision=1, error_handling='strict')
Step 3: {{2}} = digit_sum_calculator(input_number='{{1}}', output_format='number', base=10)",no,forward_reference
toolhop_032,What is the first letter of the last name of the paternal grandfather of Baha Al-Dawla in lowercase?,"Step 0: {{0}} = genealogy_query(figure_name='Baha Al-Dawla', relationship_type='father', data_source={'source_name': 'general_biographical_reference', 'priority': ['encyclopedia', 'historical_database'], 'citation_required': False}, handle_discrepancies={'strategy': 'prefer_most_cited', 'return_all_candidates': False})
Step 1: {{1}} = genealogy_lookup(individual_name='{{0}}', relationship_type='father', name_variations=True, data_source='general_biographical_reference', time_period='10th century', location='Buyid dynasty domains', output_format='name_only')
Step 2: {{3}} = first_letter_extractor_v2(input=['{{2}}'], ignore_leading_spaces=True, output_format='string', case_sensitive=False, handle_special_characters=True)
Step 3: {{2}} = extract_last_name(full_name='{{1}}', delimiter=' ', ignore_case=True, trim_spaces=True, include_middle_names=True, cultural_format='arabic_persian_regnal_epithet', suffix_handling=True, standardize_format=True, last_name_position=2)",no,forward_reference
toolhop_033,What is the closest palindrome number to the year of the date of birth of the English inventor that developed the Richard Hornsby & Sons oil engine?,"Step 0: {{0}} = inventor_lookup(invention_name='Richard Hornsby & Sons oil engine', output_format='name_only')
Step 1: {{1}} = biographical_data_retriever(name='{{0}}', data_type=42, output_format='full_date')
Step 2: {{2}} = closest_palindrome_finder(year=1864, include_current=True, multiple_closest=False, return_distance=False)",no,type_mismatch
toolhop_034,How many syllables are there in the last name of the paternal grandfather of Ollom Fotla?,"Step 0: {{0}} = genealogy_lookup(figure_name='Ollom Fotla', relationship_type='father', name_variants=['Ollamh Fodhla', 'Ollam Fotla'], data_source='standard genealogical tradition', time_period='legendary/early Irish kings', location='Ireland', include_extended_family=False)
Step 1: {{1}} = historical_relationship_finder(figure_name='{{0}}', relationship_type='father', contextual_information=True, spelling_variations=True, time_period='legendary/early Irish kings', include_scholarly_interpretations=False)
Step 2: {{3}} = syllable_counter(word='{{2}}', language='Irish', dialect='Old Irish', output_format='number', handle_compounds=False)
Step 3: {{2}} = extract_last_name(full_name='{{1}}', delimiter=' ', ignore_special_characters=False, output_format='string', include_middle_names=True, handle_suffixes=True, cultural_naming_convention='Gaelic patronymic (byname as last element)')",no,forward_reference
toolhop_035,How many syllables are there in the last name of the paternal grandfather of Ollom Fotla?,"Step 0: {{0}} = genealogy_lookup(figure_name='Ollom Fotla', relationship_type='father', name_variants=['Ollamh Fodhla', 'Ollam Fotla'], data_source='standard genealogical tradition', time_period='legendary/early Irish kings', location='Ireland', include_extended_family=False)
Step 1: {{1}} = historical_relationship_finder(figure_name='{{2}}', relationship_type='father', contextual_information=True, spelling_variations=True, time_period='legendary/early Irish kings', include_scholarly_interpretations=False)
Step 2: {{2}} = extract_last_name(full_name='{{1}}', delimiter=' ', ignore_special_characters=False, output_format='string', include_middle_names=True, handle_suffixes=True, cultural_naming_convention='Gaelic patronymic (byname as last element)')
Step 3: {{3}} = syllable_counter(word='{{2}}', language='Irish', dialect='Old Irish', output_format='number', handle_compounds=False)",no,circular_dependency
toolhop_036,What is the closest palindrome number to the year of the date of birth of the English inventor that developed the Richard Hornsby & Sons oil engine?,"Step 0: {{0}} = inventor_lookup(invention_name='Richard Hornsby & Sons oil enginxe', output_format='name_only')
Step 1: {{1}} = biographical_data_retriever(name='{{0}}', data_type='date_of_birth', output_format='full_date')
Step 2: {{2}} = closest_palindrome_finder(year=1864, include_current=True, multiple_closest=False, return_distance=False)",yes,none
toolhop_037,What is the cube of the sum of the digits of the year Christopher Nolan's magic-themed drama came out?,"Step 0: {{0}} = film_identifier(director='Christopher Nolan', theme='magic-themed drama', output_format='title_only')
Step 1: {{1}} = film_release_year_finder(film_title='{{0}}', exact_match=True, director='Christopher Nolan')
Step 2: {{2}} = enhanced_math_operations(input_number='{{1}}', output_format='number', base=10)
Step 3: {{3}} = enhanced_math_operations(operation='power', base='{{2}}', exponent=3, output_format='number', precision=1, error_handling='strict')",no,wrong_tool
toolhop_038,What is the first letter of the last name of the paternal grandfather of Baha Al-Dawla in lowercase?,"Step 0: {{0}} = genealogy_query(figure_name='Baha Al-Dawla', relationship_type='father', data_source={'source_name': 'general_biographical_reference', 'priority': ['encyclopedia', 'historical_database'], 'citation_required': False}, handle_discrepancies={'strategy': 'prefer_most_cited', 'return_all_candidates': False})
Step 1: {{1}} = genealogy_lookup(individual_name='{{2}}', relationship_type='father', name_variations=True, data_source='general_biographical_reference', time_period='10th century', location='Buyid dynasty domains', output_format='name_only')
Step 2: {{2}} = extract_last_name(full_name='{{1}}', delimiter=' ', ignore_case=True, trim_spaces=True, include_middle_names=True, cultural_format='arabic_persian_regnal_epithet', suffix_handling=True, standardize_format=True, last_name_position=2)
Step 3: {{3}} = first_letter_extractor_v2(input=['{{2}}'], ignore_leading_spaces=True, output_format='string', case_sensitive=False, handle_special_characters=True)",no,circular_dependency
toolhop_039,"How many additional letters does the first name of Mary Tudor, Queen Of France's maternal grandmother have compared to the first name of Melinda Lim?","Step 0: {{0}} = historical_relationship_finder(person_name='Mary Txudor, Queen Of France', relationship_type='mother', historical_context='Tudor England', name_variations=True, relationship_depth=1)
Step 1: {{1}} = genealogy_query(person_name='{{0}}', relationship_type='mother', data_source='general_historical_reference', output_format='name_only', time_period='15th century', contextual_notes=False)
Step 2: {{2}} = extract_first_name(full_name='{{1}}', ignore_titles=True, ignore_suffixes=True, case_sensitive=False, handle_special_characters=True, cultural_convention='Western')
Step 3: {{3}} = string_length_counter(input='{{2}}', ignore_characters=[' ', '-', '.', ','], case_sensitive=False, character_type='letters', output_format='integer')
Step 4: {{4}} = extract_first_name(full_name='Melinda Lim', delimiter=' ', case_sensitive=False, include_middle_name=False, ignore_prefixes=True, ignore_suffixes=True)
Step 5: {{5}} = name_length_counter(name='{{4}}', ignore_characters=[' ', '-', '.', ','], case_sensitive=False, output_format='integer')
Step 6: {{6}} = advanced_arithmetic_calculator(operation='difference', operands=['{{3}}', '{{5}}'], output_format='integer', error_handling='strict')",yes,none
toolhop_040,"How many additional letters does the first name of Mary Tudor, Queen Of France's maternal grandmother have compared to the first name of Melinda Lim?","Step 0: {{0}} = historical_relationship_finder(person_name='Mary Tudor, Queen Of France', relationship_type='mother', historical_context='Tudor England', name_variations=True, relationship_depth=1)
Step 1: {{1}} = genealogy_query(person_name='{{0}}', relationship_type='mother', data_source='general_historical_reference', output_format='name_only', time_period='15th century', contextual_notes=False)
Step 2: {{2}} = extract_first_name(full_name='{{1}}', ignore_titles=True, ignore_suffixes=True, case_sensitive=False, handle_special_characters=True, cultural_convention='Western')
Step 3: {{3}} = historical_relationship_finder(person_name='Mary Tudor, Queen Of France', relationship_type='mother', historical_context='Tudor England', name_variations=True, relationship_depth=1)
Step 4: {{3}} = string_length_counter(input='{{2}}', ignore_characters=[' ', '-', '.', ','], case_sensitive=False, character_type='letters', output_format='integer')
Step 5: {{4}} = extract_first_name(full_name='Melinda Lim', delimiter=' ', case_sensitive=False, include_middle_name=False, ignore_prefixes=True, ignore_suffixes=True)
Step 6: {{5}} = name_length_counter(name='{{5}}', ignore_characters=[' ', '-', '.', ','], case_sensitive=False, output_format='integer')
Step 7: {{6}} = advanced_arithmetic_calculator(operation='difference', operands=['{{3}}', '{{5}}'], output_format='integer', error_handling='strict')",no,circular_dependency
toolhop_041,What is the first letter of the last name of the paternal grandfather of Baha Al-Dawla in lowercase?,"Step 0: {{0}} = genealogy_query(figure_name='Baha Al-Dawla', relationship_type='father', data_source={'source_name': 'general_biographical_reference', 'priority': ['encyclopedia', 'historical_database'], 'citation_required': False}, handle_discrepancies={'strategy': 'prefer_most_cited', 'return_all_candidates': False})
Step 1: {{1}} = genealogy_lookup(individual_name='{{0}}', relationship_type='father', name_variations=True, data_source='general_biographical_reference', time_period='10th century', location='Buyid dynasty domains', output_format='name_only')
Step 2: {{2}} = extract_last_name(full_name='hardcoded_value', delimiter=' ', ignore_case=True, trim_spaces=True, include_middle_names=True, cultural_format='arabic_persian_regnal_epithet', suffix_handling=True, standardize_format=True, last_name_position=2)
Step 3: {{3}} = first_letter_extractor_v2(input=['{{2}}'], ignore_leading_spaces=True, output_format='string', case_sensitive=False, handle_special_characters=True)",no,missing_dependency
toolhop_042,"How many additional letters does the first name of Mary Tudor, Queen Of France's maternal grandmother have compared to the first name of Melinda Lim?","Step 0: {{0}} = historical_relationship_finder(person_name='Mary Tudor, Queen Of France', relationship_type='mother', historical_context='Tudor England', name_variations=True, relationship_depth=1)
Step 1: {{1}} = genealogy_query(person_name='{{0}}', relationship_type='mother', data_source='general_historical_reference', output_format='name_only', time_period='15th century', contextual_notes=False)
Step 2: {{2}} = extract_first_name(full_name='{{1}}', ignore_titles=True, ignore_suffixes=True, case_sensitive=False, handle_special_characters=True, cultural_convention='Western')
Step 3: {{3}} = string_length_counter(input='{{2}}', ignore_characters=[' ', '-', '.', ','], case_sensitive=False, character_type='letters', output_format='integer')
Step 4: {{4}} = extract_first_name(full_name='Melinda Lim', delimiter=' ', case_sensitive=False, include_middle_name=False, ignore_prefixes=True, ignore_suffixes=True)
Step 5: {{5}} = name_length_counter(name='{{4}}', ignore_characters=[' ', '-', '.', ','], case_sensitive=False, output_format='integer')
Step 6: {{6}} = advanced_arithmetic_calculator(operation='difference', operands=['{{3}}', '{{5}}'], output_format='integer', error_handling='strict')",yes,none
toolhop_043,What is the cube of the sum of the digits of the year Christopher Nolan's magic-themed drama came out?,"Step 0: {{0}} = film_identifier(director='Christopher Nolan', theme='magic-themed drama', output_format='title_only')
Step 1: {{1}} = film_release_year_finder(film_title='{{0}}', exact_match=True, director='Christopher Nolan')
Step 2: {{2}} = digit_sum_calculator(input_number='{{1}}', output_format='number', base=10)
Step 3: {{3}} = enhanced_math_operations(operation='power', base='{{2}}', exponent=3, output_format='number', precision=1, error_handling='strict')",yes,none
toolhop_044,"How many additional letters does the first name of Mary Tudor, Queen Of France's maternal grandmother have compared to the first name of Melinda Lim?","Step 0: {{0}} = historical_relationship_finder(person_name='Mary Tudor, Queen Of France', relationship_type='mother', historical_context='Tudor England', name_variations=True, relationship_depth=1)
Step 1: {{1}} = genealogy_query(person_name='{{0}}', relationship_type='mother', data_source='general_historical_reference', output_format='name_only', time_period='15th century', contextual_notes=False)
Step 2: {{2}} = extract_first_name(full_name='{{1}}', ignore_titles=True, ignore_suffixes=True, case_sensitive=False, handle_special_characters=True, cultural_convention='Western')
Step 3: {{3}} = string_length_counter(input='{{2}}', ignore_characters=[' ', '-', '.', ','], case_sensitive=False, character_type='letters', output_format='integer')
Step 4: {{4}} = extract_first_name(full_name='Melinda Lim', delimiter=' ', case_sensitive=False, include_middle_name=False, ignore_prefixes=True, ignore_suffixes=True)
Step 5: {{5}} = name_length_counter(name='{{4}}', ignore_characters=[' ', '-', '.', ','], case_sensitive=False, output_format='integer')",no,incomplete_plan
toolhop_045,What is the first letter of the last name of the paternal grandfather of Baha Al-Dawla in lowercase?,"Step 0: {{0}} = genealogy_query(figure_name='Bxaha Al-Dawla', relationship_type='father', data_source={'source_name': 'general_biographical_reference', 'priority': ['encyclopedia', 'historical_database'], 'citation_required': False}, handle_discrepancies={'strategy': 'prefer_most_cited', 'return_all_candidates': False})
Step 1: {{1}} = genealogy_lookup(individual_name='{{0}}', relationship_type='father', name_variations=True, data_source='general_biographical_reference', time_period='10th century', location='Buyid dynasty domains', output_format='name_only')
Step 2: {{2}} = extract_last_name(full_name='{{1}}', delimiter=' ', ignore_case=True, trim_spaces=True, include_middle_names=True, cultural_format='arabic_persian_regnal_epithet', suffix_handling=True, standardize_format=True, last_name_position=2)
Step 3: {{3}} = first_letter_extractor_v2(input=['{{2}}'], ignore_leading_spaces=True, output_format='string', case_sensitive=False, handle_special_characters=True)",yes,none
toolhop_046,What is the cube of the sum of the digits of the year Christopher Nolan's magic-themed drama came out?,"Step 0: {{0}} = film_identifier(director='Christopher Nolan', theme='magic-themed drama', output_format='title_only')
Step 1: {{1}} = film_release_year_finder(film_title='{{0}}', exact_match=True, director='Christopher Nolan')
Step 2: {{2}} = digit_sum_calculator(input_number='{{1}}', output_format=42, base=10)
Step 3: {{3}} = enhanced_math_operations(operation='power', base='{{2}}', exponent=3, output_format='number', precision=1, error_handling='strict')",no,type_mismatch
toolhop_047,"How many additional letters does the first name of Mary Tudor, Queen Of France's maternal grandmother have compared to the first name of Melinda Lim?","Step 0: {{0}} = historical_relationship_finder(person_name='Mary Tudor, Queen Of France', relationship_type='mother', historical_context='Tudor England', name_variations=True, relationship_depth=1)
Step 1: {{1}} = genealogy_query(person_name='{{0}}', relationship_type='mother', data_source='general_historical_reference', output_format='name_only', time_period='15th century', contextual_notes=False)
Step 2: {{2}} = extract_first_name(full_name='{{1}}', ignore_titles=True, ignore_suffixes=True, case_sensitive=False, handle_special_characters=True, cultural_convention='Western')
Step 3: {{3}} = string_length_counter(input='{{2}}', ignore_characters=[' ', '-', '.', ','], case_sensitive=False, character_type='letters', output_format='integer')
Step 4: {{4}} = extract_first_name(full_name='Melinda Lim', delimiter=' ', case_sensitive=False, include_middle_name=False, ignore_prefixes=True, ignore_suffixes=True)
Step 5: {{6}} = advanced_arithmetic_calculator(operation='difference', operands=['{{3}}', '{{5}}'], output_format='integer', error_handling='strict')
Step 6: {{5}} = name_length_counter(name='{{4}}', ignore_characters=[' ', '-', '.', ','], case_sensitive=False, output_format='integer')",no,forward_reference
toolhop_048,"How many additional letters does the first name of Mary Tudor, Queen Of France's maternal grandmother have compared to the first name of Melinda Lim?","Step 0: {{0}} = historical_relationship_finder(person_name='Mary Tudor, Queen Of France', relationship_type='mother', historical_context='Tudor England', name_variations=True, relationship_depth=1)
Step 1: {{1}} = genealogy_query(person_name='{{0}}', relationship_type='mother', data_source='general_historical_reference', output_format='name_only', time_period='15th century', contextual_notes=False)
Step 2: {{2}} = extract_first_name(full_name='{{1}}', ignore_titles=True, ignore_suffixes=True, case_sensitive=False, handle_special_characters=True, cultural_convention='Western')
Step 3: {{3}} = string_length_counter(input='{{2}}', ignore_characters='invalid_string', case_sensitive=False, character_type='letters', output_format='integer')
Step 4: {{4}} = extract_first_name(full_name='Melinda Lim', delimiter=' ', case_sensitive=False, include_middle_name=False, ignore_prefixes=True, ignore_suffixes=True)
Step 5: {{5}} = name_length_counter(name='{{4}}', ignore_characters=[' ', '-', '.', ','], case_sensitive=False, output_format='integer')
Step 6: {{6}} = advanced_arithmetic_calculator(operation='difference', operands=['{{3}}', '{{5}}'], output_format='integer', error_handling='strict')",no,type_mismatch
toolhop_049,What is the cube of the sum of the digits of the year Christopher Nolan's magic-themed drama came out?,"Step 0: {{0}} = film_identifier(director='Christopher Nolan', theme='magic-themed drama', output_format='title_only')
Step 1: {{1}} = film_release_year_finder(film_title='{{0}}', exact_match=True, director='Christopher Nolan')
Step 2: {{2}} = digit_sum_calculator(input_number='{{1}}', output_format='number', base=10)",no,incomplete_plan
